{
  "n_samples": 120,
  "cv_folds": 5,
  "accuracy": 0.925,
  "precision_macro": 0.9325,
  "recall_macro": 0.921,
  "f1_macro": 0.9224,
  "f1_weighted": 0.9239,
  "per_class": {
    "RC-01": {
      "precision": 0.8823529411764706,
      "recall": 0.9375,
      "f1-score": 0.9090909090909091,
      "support": 16.0
    },
    "RC-02": {
      "precision": 0.8333333333333334,
      "recall": 1.0,
      "f1-score": 0.9090909090909091,
      "support": 15.0
    },
    "RC-03": {
      "precision": 0.9333333333333333,
      "recall": 0.9333333333333333,
      "f1-score": 0.9333333333333333,
      "support": 15.0
    },
    "RC-04": {
      "precision": 0.9285714285714286,
      "recall": 0.9285714285714286,
      "f1-score": 0.9285714285714286,
      "support": 14.0
    },
    "RC-05": {
      "precision": 1.0,
      "recall": 1.0,
      "f1-score": 1.0,
      "support": 18.0
    },
    "RC-06": {
      "precision": 1.0,
      "recall": 0.9166666666666666,
      "f1-score": 0.9565217391304348,
      "support": 12.0
    },
    "RC-07": {
      "precision": 0.8823529411764706,
      "recall": 0.9375,
      "f1-score": 0.9090909090909091,
      "support": 16.0
    },
    "RC-08": {
      "precision": 1.0,
      "recall": 0.7142857142857143,
      "f1-score": 0.8333333333333334,
      "support": 14.0
    },
    "accuracy": 0.925,
    "macro avg": {
      "precision": 0.9324929971988796,
      "recall": 0.9209821428571429,
      "f1-score": 0.9223790702051571,
      "support": 120.0
    },
    "weighted avg": {
      "precision": 0.9311274509803922,
      "recall": 0.925,
      "f1-score": 0.9239350021958718,
      "support": 120.0
    }
  }
}